{"gates":[{"name":"201","pos":{"x":0.0,"y":0.0,"z":4.0}},{"name":"202","pos":{"x":0.0,"y":0.0,"z":22.0}},{"name":"over","pos":{"x":1.490100043355369e-8,"y":-0.0000028609999844775304,"z":33.2599983215332}},{"name":"balls","pos":{"x":0.0,"y":0.0,"z":0.0}}]}